material,tons
biobased,1085954.6239852891
furnishing_stone,102707.51484127098
glass,767615.5774754577
steel,155372.026545746
timber,1549871.6728146242
