material,tons
modules,728081.9759348988
steel,132102.05893892853
timber,328800.0
